{
    "schema_version": 1,
    "quilt_loader": {
        "group": "${group}",
        "id": "harmoni-mc",
        "version": "${version}",
        "metadata": {
            "name": "harmoni",
            "description": "A qol mod with simple and few changes",
            "contributors": {
                "Crative": "Owner"
            },
            "contact": {},
            "icon": "assets/example_mod/icon.png",
            "license": "MIT"
        },
        "intermediate_mappings": "net.fabricmc:intermediary",
        "entrypoints": {
            "init": "io.github.crative.harmoni_mc.HarmoniMc"
        },
        "depends": [
            {
                "id": "quilt_loader",
                "versions": ">=0.19.1"
            },
            {
                "id": "quilted_fabric_api",
                "versions": ">=7.0.2"
            },
            {
                "id": "minecraft",
                "versions": ">=1.20"
            }
        ]
    },
    "mixin": "harmoni-mc.mixins.json"
}